total_population,male_population,female_population,median_age,white_alone,black_alone,asian_alone,hispanic_or_latino,total_housing_units,occupied_housing_units,vacant_housing_units,median_home_value,median_gross_rent,median_household_income,per_capita_income,poverty_count,in_labor_force,civilian_labor_force,employed,unemployed,bachelors_degree,masters_degree,doctorate_degree,total_commuters,public_transit_commuters,mean_travel_time_to_work,location_name,state,county,tract,year,dataset,fetched_date
4676,2254,2422,,755,1102,0,3502,1735,1684,51,,1563,37361,19416,954,2249,2249,1973,276,201,53,0,1945,439,1916,Census Tract 1.01; Westchester County; New York,36,119,000101,2022,acs/acs5,2025-10-13T11:21:08.325860
5602,3003,2599,,972,2187,23,2757,2446,2209,237,228700,1436,37473,20130,1232,2417,2417,2296,121,463,119,0,2227,445,2144,Census Tract 1.03; Westchester County; New York,36,119,000103,2022,acs/acs5,2025-10-13T11:21:08.325884
1469,742,727,,402,729,23,100,839,839,0,,3501,,74148,0,979,979,965,14,154,595,0,965,229,534,Census Tract 1.04; Westchester County; New York,36,119,000104,2022,acs/acs5,2025-10-13T11:21:08.325897
4412,1935,2477,,1448,683,62,2455,1639,1610,29,322800,1780,91940,37694,600,2249,2249,2014,235,409,687,84,1941,638,1790,Census Tract 2.02; Westchester County; New York,36,119,000202,2022,acs/acs5,2025-10-13T11:21:08.325908
3750,1910,1840,,1329,640,248,1705,1879,1786,93,123200,1736,77813,41296,354,1679,1679,1595,84,409,468,0,1589,207,1543,Census Tract 2.03; Westchester County; New York,36,119,000203,2022,acs/acs5,2025-10-13T11:21:08.325918
2597,1190,1407,,790,360,0,1992,1152,1108,44,565600,910,43402,23103,530,1215,1215,1215,0,239,122,21,1215,707,1167,Census Tract 2.04; Westchester County; New York,36,119,000204,2022,acs/acs5,2025-10-13T11:21:08.325929
3252,1697,1555,,470,486,61,2764,1466,1350,116,543400,1607,49266,27584,569,1480,1480,1456,24,402,142,42,1443,625,1265,Census Tract 2.05; Westchester County; New York,36,119,000205,2022,acs/acs5,2025-10-13T11:21:08.325939
4021,1954,2067,,570,1197,134,2523,1872,1697,175,,1175,40885,23576,513,1958,1958,1683,275,284,102,0,1672,650,1616,Census Tract 3; Westchester County; New York,36,119,000300,2022,acs/acs5,2025-10-13T11:21:08.325949
5529,2421,3108,,1656,1911,121,2675,2788,2642,146,569100,1929,65972,34376,1064,3319,3319,3131,188,702,229,31,3055,1034,2913,Census Tract 4.01; Westchester County; New York,36,119,000401,2022,acs/acs5,2025-10-13T11:21:08.325959
3888,1898,1990,,980,1373,59,2305,1692,1609,83,202000,1089,54958,32067,969,2056,2056,1791,265,421,87,0,1663,768,1663,Census Tract 4.03; Westchester County; New York,36,119,000403,2022,acs/acs5,2025-10-13T11:21:08.325970
3075,1617,1458,,799,845,48,2048,1218,1125,93,256500,1692,52639,21416,734,1340,1340,1136,204,232,176,35,1010,366,828,Census Tract 4.04; Westchester County; New York,36,119,000404,2022,acs/acs5,2025-10-13T11:21:08.325980
3022,1700,1322,,294,1703,0,1229,914,859,55,326900,1344,53521,21581,614,1202,1202,1111,91,255,25,30,1086,421,1041,Census Tract 5.01; Westchester County; New York,36,119,000501,2022,acs/acs5,2025-10-13T11:21:08.325990
1822,805,1017,,330,386,192,1084,1075,1075,0,,427,11814,12840,1018,541,541,530,11,82,27,1,530,293,528,Census Tract 5.02; Westchester County; New York,36,119,000502,2022,acs/acs5,2025-10-13T11:21:08.326000
2741,1463,1278,,1654,257,0,1234,967,936,31,316400,631,45025,24750,310,963,963,947,16,243,0,0,796,166,796,Census Tract 6.01; Westchester County; New York,36,119,000601,2022,acs/acs5,2025-10-13T11:21:08.326010
4374,1789,2585,,790,1096,0,2689,1583,1505,78,282400,1582,56887,35147,464,2202,2202,2140,62,313,411,18,2086,551,1749,Census Tract 6.02; Westchester County; New York,36,119,000602,2022,acs/acs5,2025-10-13T11:21:08.326019
4020,1907,2113,,2021,441,184,1597,1622,1552,70,508700,1911,111500,54178,339,2219,2219,2097,122,631,517,38,2025,386,1889,Census Tract 7.01; Westchester County; New York,36,119,000701,2022,acs/acs5,2025-10-13T11:21:08.326029
5476,2810,2666,,2298,1095,84,2485,2817,2753,64,284800,2132,101045,57762,260,3355,3355,3124,231,868,810,73,2998,481,2718,Census Tract 7.02; Westchester County; New York,36,119,000702,2022,acs/acs5,2025-10-13T11:21:08.326039
6069,2945,3124,,3407,885,392,1640,2520,2405,115,413500,1649,116900,54327,144,3400,3400,3271,129,1056,767,96,3249,266,2845,Census Tract 8.01; Westchester County; New York,36,119,000801,2022,acs/acs5,2025-10-13T11:21:08.326049
2460,1084,1376,,1230,541,77,1192,880,831,49,486900,1761,90574,42673,342,1347,1347,1259,88,283,97,30,1245,265,1241,Census Tract 8.02; Westchester County; New York,36,119,000802,2022,acs/acs5,2025-10-13T11:21:08.326058
5889,2379,3510,,2890,1283,272,2179,1921,1851,70,548900,1862,91336,37079,341,3102,3102,2985,117,568,435,37,2862,585,2676,Census Tract 8.03; Westchester County; New York,36,119,000803,2022,acs/acs5,2025-10-13T11:21:08.326067
3419,1609,1810,,1348,600,591,1012,1122,1050,72,533600,2130,107917,47476,125,2002,2002,1940,62,386,550,219,1940,354,1849,Census Tract 9; Westchester County; New York,36,119,000900,2022,acs/acs5,2025-10-13T11:21:08.326077
2111,1100,1011,,202,1198,51,938,915,905,10,358200,936,32545,15915,1046,927,927,714,213,125,53,0,701,378,592,Census Tract 10; Westchester County; New York,36,119,001000,2022,acs/acs5,2025-10-13T11:21:08.326087
3609,1709,1900,,578,1193,93,2619,1228,1086,142,,1842,42123,15495,757,1662,1662,1407,255,159,85,0,1360,426,1257,Census Tract 11.01; Westchester County; New York,36,119,001101,2022,acs/acs5,2025-10-13T11:21:08.326097
5771,2759,3012,,2190,1072,99,2952,2051,2019,32,255100,1628,74447,37136,694,2898,2898,2452,446,905,343,9,2442,737,2204,Census Tract 11.02; Westchester County; New York,36,119,001102,2022,acs/acs5,2025-10-13T11:21:08.326106
4792,2357,2435,,1026,799,249,3226,1830,1570,260,565000,1466,65793,28597,1344,2450,2450,2186,264,317,249,0,2101,586,1981,Census Tract 12; Westchester County; New York,36,119,001200,2022,acs/acs5,2025-10-13T11:21:08.326116
4365,2390,1975,,1791,923,888,1667,1724,1705,19,739900,1542,193650,62661,499,2466,2466,2231,235,708,444,176,2180,247,1873,Census Tract 13.01; Westchester County; New York,36,119,001301,2022,acs/acs5,2025-10-13T11:21:08.326126
3923,1990,1933,,700,1038,55,2605,1643,1580,63,357900,1670,46063,35283,566,2347,2347,2257,90,313,244,1,2257,826,2231,Census Tract 13.02; Westchester County; New York,36,119,001302,2022,acs/acs5,2025-10-13T11:21:08.326136
3950,2199,1751,,914,1882,53,1866,1145,1128,17,,1695,72941,19745,1663,1730,1730,1661,69,241,170,0,1468,547,1380,Census Tract 13.04; Westchester County; New York,36,119,001304,2022,acs/acs5,2025-10-13T11:21:08.326146
3836,1902,1934,,485,681,139,2799,1235,1129,106,348000,1501,61411,25293,954,1873,1873,1708,165,435,6,9,1691,709,1603,Census Tract 13.05; Westchester County; New York,36,119,001305,2022,acs/acs5,2025-10-13T11:21:08.326155
4241,1916,2325,,2042,214,548,1474,1450,1352,98,653400,2414,141042,45915,523,1864,1864,1771,93,533,609,52,1705,159,1516,Census Tract 14.01; Westchester County; New York,36,119,001401,2022,acs/acs5,2025-10-13T11:21:08.326165
1494,704,790,,1252,49,97,248,657,642,15,579100,1210,107500,72965,85,755,755,744,11,302,225,19,707,151,612,Census Tract 14.02; Westchester County; New York,36,119,001402,2022,acs/acs5,2025-10-13T11:21:08.326175
2966,1579,1387,,2098,121,65,1356,1423,1423,0,295200,1593,79515,48056,522,1677,1677,1554,123,602,186,44,1554,210,1401,Census Tract 14.03; Westchester County; New York,36,119,001403,2022,acs/acs5,2025-10-13T11:21:08.326185
3317,1754,1563,,1983,257,251,958,1515,1430,85,,1585,97847,44469,236,1916,1916,1893,23,364,189,65,1893,715,1823,Census Tract 15.02; Westchester County; New York,36,119,001502,2022,acs/acs5,2025-10-13T11:21:08.326195
2453,1174,1279,,2119,59,42,453,1101,1040,61,504500,1709,77313,43066,236,1282,1282,1218,64,336,324,32,1204,332,1125,Census Tract 15.03; Westchester County; New York,36,119,001503,2022,acs/acs5,2025-10-13T11:21:08.326205
5446,2552,2894,,2864,808,317,1202,2100,2021,79,503200,1867,113143,38641,853,2621,2621,2515,106,620,440,105,2507,306,2229,Census Tract 15.04; Westchester County; New York,36,119,001504,2022,acs/acs5,2025-10-13T11:21:08.326214
2020,961,1059,,963,457,141,883,1023,964,59,212000,1836,101667,57323,90,1288,1288,1148,140,510,297,28,1127,187,922,Census Tract 15.05; Westchester County; New York,36,119,001505,2022,acs/acs5,2025-10-13T11:21:08.326224
4574,2535,2039,,1709,418,215,2630,1695,1659,36,471000,1780,62100,35858,482,2522,2522,2246,276,592,202,0,1886,336,1830,Census Tract 16; Westchester County; New York,36,119,001600,2022,acs/acs5,2025-10-13T11:21:08.326233
3384,1664,1720,,2045,131,307,1446,1151,1118,33,495100,1568,94894,34823,148,1717,1717,1698,19,174,263,0,1682,58,1503,Census Tract 17.01; Westchester County; New York,36,119,001701,2022,acs/acs5,2025-10-13T11:21:08.326243
2837,1362,1475,,2374,40,246,199,1268,1261,7,520800,1583,60673,50406,236,1478,1478,1464,14,777,185,0,1464,107,1307,Census Tract 17.02; Westchester County; New York,36,119,001702,2022,acs/acs5,2025-10-13T11:21:08.326253
1608,929,679,,179,1167,0,380,639,622,17,489300,976,97031,55745,118,985,985,874,111,272,152,23,874,50,772,Census Tract 18; Westchester County; New York,36,119,001800,2022,acs/acs5,2025-10-13T11:21:08.326263
1544,789,755,,845,213,182,343,597,580,17,508200,2232,130000,51878,63,791,791,783,8,242,162,0,746,63,654,Census Tract 19; Westchester County; New York,36,119,001900,2022,acs/acs5,2025-10-13T11:21:08.326273
4292,1955,2337,,2074,415,643,993,1524,1459,65,616700,1887,128250,50693,136,2147,2147,2081,66,807,390,81,1941,156,1826,Census Tract 20; Westchester County; New York,36,119,002000,2022,acs/acs5,2025-10-13T11:21:08.326283
4256,2180,2076,,1576,556,756,1371,1795,1664,131,587100,1880,84632,42853,69,2349,2349,2217,132,851,383,14,2112,219,1776,Census Tract 21.01; Westchester County; New York,36,119,002101,2022,acs/acs5,2025-10-13T11:21:08.326293
2907,1280,1627,,2696,0,0,415,1152,1049,103,770300,1583,171827,79426,79,1494,1494,1432,62,840,409,58,1354,411,1140,Census Tract 21.03; Westchester County; New York,36,119,002103,2022,acs/acs5,2025-10-13T11:21:08.326302
5923,2845,3078,,2277,957,390,2716,2255,2231,24,354400,1760,98911,49942,1100,3057,3057,3019,38,1314,634,132,3019,529,2755,Census Tract 21.04; Westchester County; New York,36,119,002104,2022,acs/acs5,2025-10-13T11:21:08.326312
1618,787,831,,1041,135,349,120,676,619,57,919000,2625,156354,71982,72,796,796,787,9,468,277,53,787,124,605,Census Tract 21.05; Westchester County; New York,36,119,002105,2022,acs/acs5,2025-10-13T11:21:08.326326
2432,1119,1313,,674,1017,324,695,904,885,19,464300,1956,93720,34909,321,1311,1284,1257,27,460,221,0,1273,153,1197,Census Tract 21.06; Westchester County; New York,36,119,002106,2022,acs/acs5,2025-10-13T11:21:08.326336
1759,1021,738,,804,344,298,194,591,585,6,680900,1703,86146,43034,118,800,800,768,32,288,188,19,751,196,729,Census Tract 21.07; Westchester County; New York,36,119,002107,2022,acs/acs5,2025-10-13T11:21:08.326346
2425,1264,1161,,1979,96,136,364,935,907,28,668900,2049,149866,68306,101,1466,1466,1439,27,520,283,54,1428,181,1020,Census Tract 22.01; Westchester County; New York,36,119,002201,2022,acs/acs5,2025-10-13T11:21:08.326356
4751,2256,2495,,3751,334,202,440,2509,2394,115,440700,1250,136250,91661,128,2875,2875,2646,229,1083,866,14,2646,1107,2253,Census Tract 22.02; Westchester County; New York,36,119,002202,2022,acs/acs5,2025-10-13T11:21:08.326365
1633,678,955,,649,110,410,542,1071,1043,28,169300,935,46654,43352,175,734,734,734,0,378,153,42,713,200,659,Census Tract 22.03; Westchester County; New York,36,119,002203,2022,acs/acs5,2025-10-13T11:21:08.326375
5396,2133,3263,,3786,420,252,1227,2151,2063,88,296900,2021,102956,66818,361,2882,2882,2577,305,998,735,54,2455,466,1992,Census Tract 22.04; Westchester County; New York,36,119,002204,2022,acs/acs5,2025-10-13T11:21:08.326384
4069,2055,2014,,2726,223,301,983,1453,1426,27,466500,2119,129432,53319,196,2398,2398,2332,66,820,363,45,2265,477,1926,Census Tract 23; Westchester County; New York,36,119,002300,2022,acs/acs5,2025-10-13T11:21:08.326394
1989,892,1097,,1397,249,12,574,874,832,42,278700,2189,112500,51991,242,1246,1246,1141,105,201,337,0,1141,120,862,Census Tract 24.01; Westchester County; New York,36,119,002401,2022,acs/acs5,2025-10-13T11:21:08.326404
3822,1911,1911,,2028,688,125,1355,2414,2266,148,209200,1703,88959,63312,151,2554,2554,2408,146,630,1133,26,2359,622,2164,Census Tract 24.02; Westchester County; New York,36,119,002402,2022,acs/acs5,2025-10-13T11:21:08.326413
4996,2547,2449,,2791,715,354,1618,2172,2055,117,279500,1873,71302,39301,813,3026,3026,2578,448,578,591,131,2444,887,2444,Census Tract 24.03; Westchester County; New York,36,119,002403,2022,acs/acs5,2025-10-13T11:21:08.326423
4341,2034,2307,,2876,157,264,1267,1243,1186,57,563100,1781,143018,40931,215,2342,2342,2175,167,826,167,29,2006,309,1729,Census Tract 24.04; Westchester County; New York,36,119,002404,2022,acs/acs5,2025-10-13T11:21:08.326433
3367,1703,1664,,2127,224,192,971,1096,1096,0,610400,2030,108935,42269,473,1592,1592,1514,78,434,165,27,1347,154,1347,Census Tract 24.05; Westchester County; New York,36,119,002405,2022,acs/acs5,2025-10-13T11:21:08.326442
4845,2360,2485,,196,3644,96,738,1455,1349,106,553700,1614,90078,33558,436,2382,2382,2177,205,257,507,0,2124,649,2103,Census Tract 26; Westchester County; New York,36,119,002600,2022,acs/acs5,2025-10-13T11:21:08.326452
5074,2175,2899,,77,4257,0,606,1296,1267,29,509200,1834,71750,26500,610,2914,2914,2759,155,321,213,9,2658,776,2658,Census Tract 27; Westchester County; New York,36,119,002700,2022,acs/acs5,2025-10-13T11:21:08.326461
2531,1160,1371,,220,1951,76,598,981,961,20,481000,1151,61402,28504,522,1227,1227,1150,77,287,68,9,1088,216,1088,Census Tract 28; Westchester County; New York,36,119,002800,2022,acs/acs5,2025-10-13T11:21:08.326471
4131,1562,2569,,74,3275,22,1022,2330,2249,81,295000,938,,18051,1709,1528,1528,1373,155,283,34,38,1318,636,1318,Census Tract 29; Westchester County; New York,36,119,002900,2022,acs/acs5,2025-10-13T11:21:08.326481
2911,1520,1391,,60,2520,33,352,902,893,9,470500,1594,89450,34171,166,1812,1812,1616,196,210,140,13,1568,771,1555,Census Tract 30; Westchester County; New York,36,119,003000,2022,acs/acs5,2025-10-13T11:21:08.326490
3048,1126,1922,,86,2881,0,217,1414,1357,57,433000,1281,32215,20564,983,1316,1316,978,338,249,213,0,978,651,962,Census Tract 31; Westchester County; New York,36,119,003100,2022,acs/acs5,2025-10-13T11:21:08.326500
3098,1346,1752,,48,2688,0,214,1020,900,120,352100,1592,75128,29624,816,1464,1464,1407,57,192,193,0,1374,528,1303,Census Tract 32; Westchester County; New York,36,119,003200,2022,acs/acs5,2025-10-13T11:21:08.326510
3249,1289,1960,,18,2725,0,211,1339,1285,54,458400,1623,87108,47374,94,1610,1610,1562,48,799,282,0,1465,380,1332,Census Tract 33; Westchester County; New York,36,119,003300,2022,acs/acs5,2025-10-13T11:21:08.326520
4781,2365,2416,,1013,3137,43,893,1738,1654,84,396600,1925,79449,39884,322,3058,3058,2867,191,1010,408,11,2711,538,2639,Census Tract 34; Westchester County; New York,36,119,003400,2022,acs/acs5,2025-10-13T11:21:08.326530
1870,1016,854,,115,1466,0,279,838,789,49,413800,1520,49347,27192,393,1149,1149,960,189,148,50,28,926,284,905,Census Tract 35; Westchester County; New York,36,119,003500,2022,acs/acs5,2025-10-13T11:21:08.326539
3952,1900,2052,,682,1639,66,1436,1963,1933,30,460500,1298,42014,37065,685,2094,2094,1855,239,424,222,18,1855,442,1748,Census Tract 36; Westchester County; New York,36,119,003600,2022,acs/acs5,2025-10-13T11:21:08.326549
3660,1662,1998,,1152,1360,183,935,1728,1597,131,356800,1572,92596,43365,644,1976,1976,1907,69,430,221,60,1815,294,1608,Census Tract 37; Westchester County; New York,36,119,003700,2022,acs/acs5,2025-10-13T11:21:08.326559
3757,1489,2268,,1612,1133,247,430,2114,2071,43,226600,1624,79875,60011,237,2538,2538,2469,69,948,452,15,2469,959,2193,Census Tract 38; Westchester County; New York,36,119,003800,2022,acs/acs5,2025-10-13T11:21:08.326568
3530,1785,1745,,1521,666,165,1124,1348,1301,47,549300,1876,94144,41380,253,2060,2060,1892,168,683,305,18,1758,288,1504,Census Tract 39; Westchester County; New York,36,119,003900,2022,acs/acs5,2025-10-13T11:21:08.326578
3908,1697,2211,,755,2136,53,677,1828,1805,23,,1421,63527,37992,850,2187,2147,1870,277,415,112,34,1857,431,1762,Census Tract 40.01; Westchester County; New York,36,119,004001,2022,acs/acs5,2025-10-13T11:21:08.326587
2655,1072,1583,,287,1487,1,506,1197,1082,115,,1548,90947,46337,205,1640,1640,1589,51,383,343,212,1589,440,1147,Census Tract 40.02; Westchester County; New York,36,119,004002,2022,acs/acs5,2025-10-13T11:21:08.326597
4169,1719,2450,,468,3196,40,648,1671,1625,46,255100,1617,107517,47693,413,2517,2517,2421,96,683,440,94,2265,550,2147,Census Tract 41; Westchester County; New York,36,119,004100,2022,acs/acs5,2025-10-13T11:21:08.326606
4848,2114,2734,,1233,3022,106,309,2227,2180,47,270400,1399,81132,58179,435,2957,2957,2516,441,1036,753,40,2441,841,2293,Census Tract 42; Westchester County; New York,36,119,004200,2022,acs/acs5,2025-10-13T11:21:08.326615
1751,852,899,,582,764,45,530,876,847,29,525700,2145,109732,60979,111,1031,1031,1022,9,397,329,55,997,359,869,Census Tract 45; Westchester County; New York,36,119,004500,2022,acs/acs5,2025-10-13T11:21:08.326625
3143,1476,1667,,2495,11,362,250,1482,1310,172,825500,3383,150313,96364,345,1591,1591,1530,61,851,420,29,1461,485,1120,Census Tract 46; Westchester County; New York,36,119,004600,2022,acs/acs5,2025-10-13T11:21:08.326635
3427,1665,1762,,3084,28,81,230,889,847,42,2000001,3501,250001,175378,69,1283,1283,1244,39,575,506,79,1215,537,1001,Census Tract 47; Westchester County; New York,36,119,004700,2022,acs/acs5,2025-10-13T11:21:08.326644
2986,1268,1718,,2051,169,396,276,1655,1593,62,448200,2393,119141,96448,193,1474,1474,1451,23,686,687,40,1426,378,998,Census Tract 48.01; Westchester County; New York,36,119,004801,2022,acs/acs5,2025-10-13T11:21:08.326654
4009,1893,2116,,2002,207,742,1105,1620,1580,40,670300,1475,106694,59234,353,2444,2444,2380,64,908,634,63,2371,535,1889,Census Tract 48.02; Westchester County; New York,36,119,004802,2022,acs/acs5,2025-10-13T11:21:08.326663
3005,1313,1692,,2154,85,551,131,1711,1606,105,288700,3467,117870,87720,126,1511,1511,1484,27,1007,654,63,1456,399,1231,Census Tract 49; Westchester County; New York,36,119,004900,2022,acs/acs5,2025-10-13T11:21:08.326673
4235,2093,2142,,3051,32,431,615,1465,1459,6,835200,2332,164969,77718,210,2378,2378,2284,94,982,494,66,2238,540,1941,Census Tract 50.01; Westchester County; New York,36,119,005001,2022,acs/acs5,2025-10-13T11:21:08.326683
4251,1865,2386,,3438,1,646,284,1608,1479,129,858900,2352,215893,82112,156,2134,2134,2107,27,1159,507,119,2066,283,1725,Census Tract 50.02; Westchester County; New York,36,119,005002,2022,acs/acs5,2025-10-13T11:21:08.326692
4466,2158,2308,,3393,108,656,363,1846,1750,96,698200,1877,99615,58459,210,1982,1982,1908,74,747,556,68,1885,276,1740,Census Tract 51; Westchester County; New York,36,119,005100,2022,acs/acs5,2025-10-13T11:21:08.326702
4676,2388,2288,,4225,13,156,170,1578,1527,51,892900,3411,244236,99739,133,2361,2361,2249,112,1178,871,24,2238,408,1887,Census Tract 52; Westchester County; New York,36,119,005200,2022,acs/acs5,2025-10-13T11:21:08.326711
5390,2803,2587,,3649,474,412,925,1791,1708,83,764200,2317,153800,68467,183,2881,2881,2699,182,974,747,77,2637,547,2131,Census Tract 53; Westchester County; New York,36,119,005300,2022,acs/acs5,2025-10-13T11:21:08.326721
1871,995,876,,1429,72,91,97,536,536,0,1397000,1808,250001,126847,57,920,920,868,52,386,294,18,861,333,609,Census Tract 54; Westchester County; New York,36,119,005400,2022,acs/acs5,2025-10-13T11:21:08.326730
5682,2729,2953,,4486,393,391,446,1984,1977,7,1029800,1897,250001,128831,89,2726,2726,2583,143,1247,1061,164,2565,702,1947,Census Tract 55; Westchester County; New York,36,119,005500,2022,acs/acs5,2025-10-13T11:21:08.326740
0,0,0,,0,0,0,0,0,0,0,,,,,0,0,0,0,0,0,0,0,0,0,0,Census Tract 56; Westchester County; New York,36,119,005600,2022,acs/acs5,2025-10-13T11:21:08.326750
3897,1861,2036,,1561,895,295,1327,1466,1438,28,256600,1720,69576,42731,522,1899,1899,1654,245,472,589,10,1617,229,1353,Census Tract 57.02; Westchester County; New York,36,119,005702,2022,acs/acs5,2025-10-13T11:21:08.326760
3340,1209,2131,,2497,144,351,568,1445,1416,29,372200,1999,74844,75330,321,1699,1699,1475,224,844,316,48,1409,47,1230,Census Tract 57.03; Westchester County; New York,36,119,005703,2022,acs/acs5,2025-10-13T11:21:08.326770
2915,1330,1585,,1532,539,187,875,1391,1349,42,197700,1584,69112,56529,160,1346,1346,1327,19,547,244,77,1293,56,1055,Census Tract 57.04; Westchester County; New York,36,119,005704,2022,acs/acs5,2025-10-13T11:21:08.326779
4826,2405,2421,,1606,420,303,2972,1938,1884,54,368700,1605,83950,34077,663,2330,2330,2211,119,490,198,10,2211,459,2144,Census Tract 58; Westchester County; New York,36,119,005800,2022,acs/acs5,2025-10-13T11:21:08.326789
4866,2314,2552,,1916,966,156,2003,1915,1884,31,369700,1701,70049,33190,611,2600,2600,2476,124,333,280,41,2375,174,2184,Census Tract 59.01; Westchester County; New York,36,119,005901,2022,acs/acs5,2025-10-13T11:21:08.326799
6243,2992,3251,,3435,1366,175,1785,2713,2515,198,836700,1588,106676,77681,148,4076,4076,3598,478,792,519,115,3598,718,3152,Census Tract 59.02; Westchester County; New York,36,119,005902,2022,acs/acs5,2025-10-13T11:21:08.326808
4411,1932,2479,,1815,1105,551,1238,1904,1820,84,508200,2285,108194,73941,229,2609,2609,2503,106,723,734,114,2459,467,2035,Census Tract 60; Westchester County; New York,36,119,006000,2022,acs/acs5,2025-10-13T11:21:08.326824
5237,2428,2809,,2088,667,796,2173,1962,1954,8,420200,2552,103942,53901,929,3089,3089,3036,53,806,512,87,2996,699,2615,Census Tract 61; Westchester County; New York,36,119,006100,2022,acs/acs5,2025-10-13T11:21:08.326840
5592,2946,2646,,1896,716,0,3854,2151,2054,97,517500,1618,50750,33431,807,2916,2916,2499,417,383,354,0,2469,378,2269,Census Tract 62; Westchester County; New York,36,119,006200,2022,acs/acs5,2025-10-13T11:21:08.326851
3105,1632,1473,,1205,1293,128,710,1309,1214,95,568700,1665,61515,32722,447,1603,1603,1494,109,302,290,0,1468,303,1232,Census Tract 63.01; Westchester County; New York,36,119,006301,2022,acs/acs5,2025-10-13T11:21:08.326861
2783,1416,1367,,805,1120,68,748,1276,1263,13,,1446,71780,36152,505,1428,1428,1384,44,157,374,0,1349,460,1349,Census Tract 63.02; Westchester County; New York,36,119,006302,2022,acs/acs5,2025-10-13T11:21:08.326887
5995,2782,3213,,1871,2492,358,1948,2275,2135,140,608900,1696,81083,45144,943,3437,3437,3192,245,825,562,174,3062,668,2795,Census Tract 64; Westchester County; New York,36,119,006400,2022,acs/acs5,2025-10-13T11:21:08.326898
5049,2590,2459,,1850,1205,332,1782,1726,1579,147,651800,1844,105164,49392,745,2677,2677,2444,233,664,400,19,2366,416,2056,Census Tract 65; Westchester County; New York,36,119,006500,2022,acs/acs5,2025-10-13T11:21:08.326907
6551,3031,3520,,3871,1021,256,1692,2011,1987,24,618800,1930,133488,59149,846,3573,3556,3185,371,805,878,56,3105,477,2658,Census Tract 66; Westchester County; New York,36,119,006600,2022,acs/acs5,2025-10-13T11:21:08.326917
5160,2910,2250,,4278,538,211,561,1694,1664,30,1100800,,250001,117810,85,2856,2856,2718,138,1037,1061,73,2660,657,1918,Census Tract 67; Westchester County; New York,36,119,006700,2022,acs/acs5,2025-10-13T11:21:08.326926
5061,2557,2504,,4339,116,399,148,1793,1677,116,827900,3501,226182,102016,105,2341,2341,2322,19,1322,763,121,2316,365,1681,Census Tract 68.01; Westchester County; New York,36,119,006801,2022,acs/acs5,2025-10-13T11:21:08.326936
5797,2912,2885,,3970,975,228,703,2129,2072,57,822900,1806,196786,103490,198,2939,2939,2836,103,1019,1128,134,2786,515,2200,Census Tract 68.02; Westchester County; New York,36,119,006802,2022,acs/acs5,2025-10-13T11:21:08.326946
6373,3344,3029,,4980,342,375,597,2046,2007,39,1282000,2485,250001,127834,63,3414,3414,3240,174,1428,948,114,3225,780,2245,Census Tract 69; Westchester County; New York,36,119,006900,2022,acs/acs5,2025-10-13T11:21:08.326955
6269,2972,3297,,4853,266,330,454,2667,2489,178,908700,2202,209926,144488,257,3515,3515,3480,35,1548,1083,189,3433,889,2774,Census Tract 70; Westchester County; New York,36,119,007000,2022,acs/acs5,2025-10-13T11:21:08.326965
6549,3289,3260,,5709,91,316,614,2304,2208,96,1361400,1977,220714,115372,117,3221,3221,2888,333,1540,1054,162,2888,1084,2162,Census Tract 71; Westchester County; New York,36,119,007100,2022,acs/acs5,2025-10-13T11:21:08.326975
7169,4083,3086,,5042,371,207,1686,2820,2561,259,660000,1680,103379,76585,790,3474,3474,3354,120,1313,803,98,3253,667,2648,Census Tract 72; Westchester County; New York,36,119,007200,2022,acs/acs5,2025-10-13T11:21:08.326987
4980,2533,2447,,3503,101,21,2073,1845,1808,37,761500,2302,128371,61839,157,3229,3229,3205,24,1061,258,42,3153,363,2717,Census Tract 73; Westchester County; New York,36,119,007300,2022,acs/acs5,2025-10-13T11:21:08.326998
4724,2073,2651,,3010,376,229,1376,1771,1645,126,689100,2248,126563,55359,220,2603,2603,2485,118,983,552,90,2373,372,1942,Census Tract 74.01; Westchester County; New York,36,119,007401,2022,acs/acs5,2025-10-13T11:21:08.327008
3057,1607,1450,,2355,15,379,259,1082,1043,39,848300,1898,139083,65559,121,1544,1544,1415,129,777,545,92,1415,342,1145,Census Tract 74.02; Westchester County; New York,36,119,007402,2022,acs/acs5,2025-10-13T11:21:08.327018
4918,2643,2275,,3804,28,310,363,1933,1802,131,1928100,1346,250001,188253,118,2089,2085,2003,82,924,1081,155,1997,732,1382,Census Tract 75; Westchester County; New York,36,119,007500,2022,acs/acs5,2025-10-13T11:21:08.327028
6017,2874,3143,,5193,65,164,547,2062,1895,167,1750800,2374,250001,138170,244,2887,2887,2674,213,1246,1365,117,2667,633,1983,Census Tract 76; Westchester County; New York,36,119,007600,2022,acs/acs5,2025-10-13T11:21:08.327037
5512,2671,2841,,4108,203,749,349,2226,2183,43,1508400,2766,175558,115666,117,3011,3011,2894,117,1548,679,63,2802,784,2248,Census Tract 77; Westchester County; New York,36,119,007700,2022,acs/acs5,2025-10-13T11:21:08.327047
4892,2416,2476,,2068,668,46,3352,1518,1504,14,465800,1714,64237,32601,1543,2219,2219,2032,187,584,111,22,1930,368,1794,Census Tract 78; Westchester County; New York,36,119,007800,2022,acs/acs5,2025-10-13T11:21:08.327056
3390,1820,1570,,1019,47,67,2578,1131,994,137,598100,1803,77985,28321,517,1819,1819,1689,130,223,159,7,1657,62,1571,Census Tract 79.01; Westchester County; New York,36,119,007901,2022,acs/acs5,2025-10-13T11:21:08.327066
4756,2640,2116,,1989,250,51,2931,1673,1627,46,431900,2431,95216,37718,427,2918,2901,2689,212,644,216,45,2634,343,2432,Census Tract 79.02; Westchester County; New York,36,119,007902,2022,acs/acs5,2025-10-13T11:21:08.327075
5441,2977,2464,,1144,531,175,4118,1816,1750,66,568400,1885,67188,27695,1395,3180,3180,2977,203,635,244,0,2809,579,2740,Census Tract 80; Westchester County; New York,36,119,008000,2022,acs/acs5,2025-10-13T11:21:08.327085
4831,2754,2077,,2045,169,31,3204,1961,1846,115,401000,1884,89250,43842,295,2725,2725,2370,355,802,320,0,2329,212,2221,Census Tract 81; Westchester County; New York,36,119,008100,2022,acs/acs5,2025-10-13T11:21:08.327095
8154,4132,4022,,4538,718,279,3353,2636,2533,103,624900,2231,138690,59232,265,4820,4820,4699,121,1669,866,118,4584,429,3715,Census Tract 82; Westchester County; New York,36,119,008200,2022,acs/acs5,2025-10-13T11:21:08.327104
2339,1224,1115,,1496,79,259,755,958,904,54,629800,2112,132083,69272,134,1284,1284,1192,92,522,207,75,1192,179,1115,Census Tract 83.01; Westchester County; New York,36,119,008301,2022,acs/acs5,2025-10-13T11:21:08.327116
7405,3530,3875,,6078,26,742,222,2590,2458,132,1055700,2650,249643,112597,408,3468,3468,3102,366,1572,1271,173,3086,489,2329,Census Tract 83.02; Westchester County; New York,36,119,008302,2022,acs/acs5,2025-10-13T11:21:08.327133
2080,1072,1008,,1783,18,29,153,712,650,62,1416300,2272,250001,127350,57,1041,1041,1037,4,499,249,32,1021,354,826,Census Tract 84.01; Westchester County; New York,36,119,008401,2022,acs/acs5,2025-10-13T11:21:08.327150
3794,1635,2159,,2755,28,630,712,1313,1290,23,832400,2631,145875,72936,361,1848,1848,1754,94,842,402,18,1735,433,1445,Census Tract 84.03; Westchester County; New York,36,119,008403,2022,acs/acs5,2025-10-13T11:21:08.327165
5636,2575,3061,,4184,444,644,674,2150,2101,49,591600,2605,129132,48624,361,2996,2996,2855,141,1287,454,93,2769,616,2583,Census Tract 84.04; Westchester County; New York,36,119,008404,2022,acs/acs5,2025-10-13T11:21:08.327180
3601,1792,1809,,3173,42,125,241,1160,1020,140,2000001,,250001,138760,91,1799,1799,1765,34,858,535,49,1736,476,1299,Census Tract 85; Westchester County; New York,36,119,008500,2022,acs/acs5,2025-10-13T11:21:08.327195
5450,2575,2875,,4355,181,397,581,1390,1207,183,1588000,3501,250001,108204,27,2629,2629,2440,189,1421,550,33,2346,398,1660,Census Tract 86.02; Westchester County; New York,36,119,008602,2022,acs/acs5,2025-10-13T11:21:08.327213
6015,2869,3146,,4493,275,55,1751,2136,1974,162,692500,2631,110104,45206,260,3070,3070,2900,170,929,541,37,2871,427,2454,Census Tract 87; Westchester County; New York,36,119,008700,2022,acs/acs5,2025-10-13T11:21:08.327230
1623,854,769,,557,270,245,553,929,789,140,364600,3189,125861,63594,336,983,983,944,39,440,379,27,909,155,645,Census Tract 88.01; Westchester County; New York,36,119,008801,2022,acs/acs5,2025-10-13T11:21:08.327248
2532,1052,1480,,1409,276,259,620,1592,1463,129,222500,2100,98058,69131,216,1833,1833,1729,104,674,260,40,1688,357,1331,Census Tract 88.02; Westchester County; New York,36,119,008802,2022,acs/acs5,2025-10-13T11:21:08.327265
6227,2571,3656,,3520,578,359,2232,2837,2720,117,376300,1808,101250,53061,785,3367,3367,3202,165,1102,740,53,3112,416,2706,Census Tract 89.01; Westchester County; New York,36,119,008901,2022,acs/acs5,2025-10-13T11:21:08.327281
3940,1813,2127,,1825,693,143,1186,1438,1438,0,634400,1598,100509,51525,163,2147,2147,2018,129,442,579,43,1986,272,1825,Census Tract 89.02; Westchester County; New York,36,119,008902,2022,acs/acs5,2025-10-13T11:21:08.327291
4287,2221,2066,,1712,609,471,1859,1877,1665,212,486200,2455,115404,55171,225,2510,2492,2322,170,869,431,102,2314,479,2117,Census Tract 90; Westchester County; New York,36,119,009000,2022,acs/acs5,2025-10-13T11:21:08.327301
5609,2848,2761,,1595,1426,357,2396,2176,2131,45,585200,2121,85696,39398,969,3012,3012,2919,93,760,558,136,2847,358,2560,Census Tract 91; Westchester County; New York,36,119,009100,2022,acs/acs5,2025-10-13T11:21:08.327310
4043,1957,2086,,1664,388,538,1550,1670,1454,216,765400,3036,151061,94038,291,2307,2307,2213,94,663,531,45,2206,246,1535,Census Tract 92.01; Westchester County; New York,36,119,009201,2022,acs/acs5,2025-10-13T11:21:08.327340
2930,1448,1482,,795,245,107,2075,1100,1036,64,538600,1974,54265,32475,400,1861,1861,1773,88,296,182,0,1711,268,1556,Census Tract 92.02; Westchester County; New York,36,119,009202,2022,acs/acs5,2025-10-13T11:21:08.327370
3630,1625,2005,,1089,867,562,1180,1743,1535,208,1220000,1077,48713,54285,1035,1607,1607,1494,113,571,260,63,1472,352,1074,Census Tract 93; Westchester County; New York,36,119,009300,2022,acs/acs5,2025-10-13T11:21:08.327389
3591,1849,1742,,1958,303,339,1747,1841,1708,133,603200,1970,71071,55831,529,1801,1801,1663,138,596,529,39,1617,252,1398,Census Tract 94; Westchester County; New York,36,119,009400,2022,acs/acs5,2025-10-13T11:21:08.327407
6340,3302,3038,,3672,764,373,1722,2717,2575,142,505100,2095,126920,68741,286,4225,4225,4139,86,1187,944,55,4111,321,3321,Census Tract 95; Westchester County; New York,36,119,009500,2022,acs/acs5,2025-10-13T11:21:08.327426
4832,2176,2656,,4045,206,208,345,1850,1797,53,703000,3501,186406,86669,55,2500,2500,2320,180,1004,857,143,2320,245,1832,Census Tract 96; Westchester County; New York,36,119,009600,2022,acs/acs5,2025-10-13T11:21:08.327445
3072,1466,1606,,2001,569,292,358,1239,1088,151,826100,1756,176324,80300,52,1331,1331,1283,48,588,595,55,1283,137,1016,Census Tract 97.01; Westchester County; New York,36,119,009701,2022,acs/acs5,2025-10-13T11:21:08.327463
2699,1266,1433,,2143,205,70,390,1411,1250,161,806800,1731,101581,78070,357,1306,1306,1125,181,692,465,48,1125,139,878,Census Tract 97.02; Westchester County; New York,36,119,009702,2022,acs/acs5,2025-10-13T11:21:08.327482
4066,1889,2177,,3407,243,240,376,1551,1413,138,983600,3501,203984,112780,187,1972,1972,1842,130,938,890,129,1835,177,1388,Census Tract 97.03; Westchester County; New York,36,119,009703,2022,acs/acs5,2025-10-13T11:21:08.327499
4744,2267,2477,,3275,0,996,449,1649,1564,85,1699700,1847,250001,199555,95,2148,2148,2074,74,748,969,126,2053,552,1391,Census Tract 98; Westchester County; New York,36,119,009800,2022,acs/acs5,2025-10-13T11:21:08.327517
2906,1588,1318,,2075,16,432,60,878,808,70,2000001,3501,250001,230829,63,1314,1314,1248,66,531,477,130,1233,506,881,Census Tract 99; Westchester County; New York,36,119,009900,2022,acs/acs5,2025-10-13T11:21:08.327535
5600,2726,2874,,4153,219,885,174,1875,1727,148,1691000,3501,250001,162970,345,2439,2439,2297,142,1023,1100,233,2254,840,1668,Census Tract 100; Westchester County; New York,36,119,010000,2022,acs/acs5,2025-10-13T11:21:08.327554
4811,2356,2455,,3285,129,846,492,1577,1424,153,1317600,3501,250001,123748,23,2234,2234,2146,88,747,1141,308,2133,614,1523,Census Tract 101; Westchester County; New York,36,119,010100,2022,acs/acs5,2025-10-13T11:21:08.327575
4998,2535,2463,,4032,52,308,546,1639,1632,7,890000,2246,218796,97433,145,2763,2763,2685,78,1073,733,249,2677,816,2136,Census Tract 102; Westchester County; New York,36,119,010200,2022,acs/acs5,2025-10-13T11:21:08.327595
3458,1635,1823,,3036,53,136,275,1510,1457,53,595100,1832,111806,85833,34,1781,1781,1760,21,681,619,144,1711,298,1230,Census Tract 103; Westchester County; New York,36,119,010300,2022,acs/acs5,2025-10-13T11:21:08.327614
4265,2180,2085,,3019,146,318,1019,1451,1338,113,846600,2533,160385,63924,400,2375,2375,2136,239,697,653,74,2088,511,1737,Census Tract 104; Westchester County; New York,36,119,010400,2022,acs/acs5,2025-10-13T11:21:08.327632
7166,3585,3581,,5178,135,1062,474,2565,2456,109,679000,2163,136771,73109,180,3861,3861,3738,123,1195,1610,126,3679,608,2894,Census Tract 105; Westchester County; New York,36,119,010500,2022,acs/acs5,2025-10-13T11:21:08.327650
5013,2427,2586,,3404,250,671,404,1749,1679,70,800000,3501,243594,87646,87,2497,2497,2280,217,1080,916,148,2263,323,1719,Census Tract 106; Westchester County; New York,36,119,010600,2022,acs/acs5,2025-10-13T11:21:08.327669
5736,2895,2841,,3549,192,1585,422,1882,1812,70,1101500,3501,250001,128558,147,2853,2853,2732,121,1291,963,207,2692,835,2200,Census Tract 107.01; Westchester County; New York,36,119,010701,2022,acs/acs5,2025-10-13T11:21:08.327687
5794,2867,2927,,3509,161,1769,407,2727,2649,78,460500,2407,114240,123632,223,3138,3138,2967,171,1426,1274,149,2843,800,2053,Census Tract 107.02; Westchester County; New York,36,119,010702,2022,acs/acs5,2025-10-13T11:21:08.327705
3585,1739,1846,,2455,216,507,384,1373,1306,67,704000,1840,163438,86491,256,1960,1960,1881,79,820,556,162,1780,247,1196,Census Tract 108.01; Westchester County; New York,36,119,010801,2022,acs/acs5,2025-10-13T11:21:08.327724
3831,1725,2106,,2243,661,227,689,2124,2001,123,414800,1791,99427,73908,312,1966,1966,1886,80,1072,732,78,1806,231,1541,Census Tract 108.03; Westchester County; New York,36,119,010803,2022,acs/acs5,2025-10-13T11:21:08.327742
2305,1039,1266,,1579,267,153,319,1035,1011,24,378200,1861,126758,85386,83,1427,1427,1395,32,478,447,77,1395,471,1168,Census Tract 108.04; Westchester County; New York,36,119,010804,2022,acs/acs5,2025-10-13T11:21:08.327760
2332,1214,1118,,1247,768,106,243,829,779,50,549800,2065,109432,61345,508,1221,1221,1141,80,435,347,35,1115,131,941,Census Tract 109.01; Westchester County; New York,36,119,010901,2022,acs/acs5,2025-10-13T11:21:08.327778
6241,3180,3061,,2176,1790,627,1913,2359,2253,106,510900,1949,151921,67402,218,3886,3886,3631,255,1280,1072,160,3577,344,3012,Census Tract 109.02; Westchester County; New York,36,119,010902,2022,acs/acs5,2025-10-13T11:21:08.327797
4897,2394,2503,,982,2150,322,1367,1761,1725,36,593000,1506,94438,52563,304,3008,3008,2797,211,769,601,37,2696,354,2313,Census Tract 109.03; Westchester County; New York,36,119,010903,2022,acs/acs5,2025-10-13T11:21:08.327815
2586,1333,1253,,839,1080,276,390,907,840,67,427900,2051,120156,42996,137,1522,1515,1322,193,386,221,56,1329,56,1159,Census Tract 110; Westchester County; New York,36,119,011000,2022,acs/acs5,2025-10-13T11:21:08.327836
6007,3065,2942,,3706,841,622,982,2648,2490,158,642200,2822,134954,83331,201,3893,3893,3786,107,1680,993,189,3742,644,2931,Census Tract 111.01; Westchester County; New York,36,119,011101,2022,acs/acs5,2025-10-13T11:21:08.327855
2930,1433,1497,,2157,187,322,220,1037,1012,25,706400,,173958,72851,37,1613,1613,1534,79,704,494,75,1534,144,1175,Census Tract 111.02; Westchester County; New York,36,119,011102,2022,acs/acs5,2025-10-13T11:21:08.327873
4749,2248,2501,,1609,948,397,2473,1583,1408,175,518300,2246,120528,42957,452,2436,2436,2289,147,750,217,24,2212,327,2192,Census Tract 112; Westchester County; New York,36,119,011200,2022,acs/acs5,2025-10-13T11:21:08.327892
6590,3268,3322,,5081,73,573,691,2640,2202,438,900100,2408,184569,97973,118,3509,3509,3401,108,1181,1206,257,3363,666,2451,Census Tract 113; Westchester County; New York,36,119,011300,2022,acs/acs5,2025-10-13T11:21:08.327911
3975,1775,2200,,2972,147,567,230,1952,1861,91,531600,2341,157396,90646,99,2234,2234,2197,37,1324,888,189,2149,277,1625,Census Tract 114.01; Westchester County; New York,36,119,011401,2022,acs/acs5,2025-10-13T11:21:08.327929
1748,867,881,,1130,91,268,263,675,590,85,888600,2583,190208,89751,127,907,907,847,60,364,353,20,847,123,572,Census Tract 114.02; Westchester County; New York,36,119,011402,2022,acs/acs5,2025-10-13T11:21:08.327948
6053,3199,2854,,4132,190,151,2319,2678,2470,208,633700,1885,108092,59224,483,3232,3232,3150,82,980,737,147,3150,460,2929,Census Tract 115; Westchester County; New York,36,119,011500,2022,acs/acs5,2025-10-13T11:21:08.327966
3390,1729,1661,,697,100,0,2410,1283,1283,0,,1572,58750,32081,646,1731,1731,1473,258,94,280,15,1473,267,1176,Census Tract 116.01; Westchester County; New York,36,119,011601,2022,acs/acs5,2025-10-13T11:21:08.327986
3728,1890,1838,,1077,335,116,2486,1463,1333,130,553600,1781,86767,35360,362,2183,2183,1987,196,578,127,26,1987,330,1875,Census Tract 116.02; Westchester County; New York,36,119,011602,2022,acs/acs5,2025-10-13T11:21:08.328005
3070,1547,1523,,2659,9,113,333,1172,1136,36,844100,2076,195291,98646,31,1670,1670,1664,6,664,554,53,1631,393,1221,Census Tract 117; Westchester County; New York,36,119,011700,2022,acs/acs5,2025-10-13T11:21:08.328024
6149,3135,3014,,4889,364,384,552,1786,1752,34,962200,3501,219853,96216,50,3162,3162,3023,139,993,796,255,2931,327,2290,Census Tract 118; Westchester County; New York,36,119,011800,2022,acs/acs5,2025-10-13T11:21:08.328040
4293,2217,2076,,3533,175,324,453,1629,1523,106,636300,2846,121792,60224,282,2134,2134,2005,129,924,410,90,1937,162,1643,Census Tract 119.02; Westchester County; New York,36,119,011902,2022,acs/acs5,2025-10-13T11:21:08.328059
4686,2369,2317,,4180,96,226,263,1725,1669,56,664000,3130,129656,64065,165,2479,2479,2302,177,807,665,61,2277,390,2033,Census Tract 120; Westchester County; New York,36,119,012000,2022,acs/acs5,2025-10-13T11:21:08.328077
5332,2678,2654,,4456,0,527,336,1833,1792,41,893400,,197609,94507,138,2804,2804,2604,200,1296,861,142,2530,334,2012,Census Tract 121.01; Westchester County; New York,36,119,012101,2022,acs/acs5,2025-10-13T11:21:08.328096
4807,2390,2417,,4052,69,308,399,1581,1553,28,662100,1899,184107,67460,213,2687,2687,2656,31,949,709,51,2531,320,2176,Census Tract 121.02; Westchester County; New York,36,119,012102,2022,acs/acs5,2025-10-13T11:21:08.328114
3193,1663,1530,,2685,165,89,191,1181,1119,62,843700,,184561,95398,45,1768,1768,1654,114,742,520,152,1644,334,1389,Census Tract 122.01; Westchester County; New York,36,119,012201,2022,acs/acs5,2025-10-13T11:21:08.328132
4237,2164,2073,,3743,3,69,693,1614,1490,124,695100,1800,151094,69608,326,2222,2222,2106,116,994,754,125,2018,181,1760,Census Tract 122.02; Westchester County; New York,36,119,012202,2022,acs/acs5,2025-10-13T11:21:08.328150
2486,1179,1307,,1426,156,108,895,911,888,23,665300,2208,95132,51933,67,1510,1510,1427,83,439,218,50,1404,191,1297,Census Tract 123.01; Westchester County; New York,36,119,012301,2022,acs/acs5,2025-10-13T11:21:08.328168
4908,2553,2355,,3571,108,293,719,1713,1624,89,1058400,2326,235219,113811,192,2420,2420,2358,62,1380,826,88,2292,394,1718,Census Tract 123.03; Westchester County; New York,36,119,012303,2022,acs/acs5,2025-10-13T11:21:08.328187
4920,2732,2188,,4483,95,139,227,1889,1727,162,1075500,,238750,137469,32,2343,2343,2287,56,980,1147,121,2281,372,1923,Census Tract 123.04; Westchester County; New York,36,119,012304,2022,acs/acs5,2025-10-13T11:21:08.328206
5030,2432,2598,,4405,140,107,297,2022,1799,223,977400,3400,229821,125365,105,2836,2836,2766,70,1625,822,128,2689,296,1817,Census Tract 124; Westchester County; New York,36,119,012400,2022,acs/acs5,2025-10-13T11:21:08.328224
2963,1374,1589,,2572,12,230,124,1108,1046,62,771700,2243,250001,113491,78,1739,1739,1708,31,655,691,101,1695,175,1072,Census Tract 125.01; Westchester County; New York,36,119,012501,2022,acs/acs5,2025-10-13T11:21:08.328243
5404,2602,2802,,4718,43,196,360,2277,1904,373,751200,2194,189638,85208,231,2757,2757,2698,59,1596,671,48,2698,151,1920,Census Tract 125.02; Westchester County; New York,36,119,012502,2022,acs/acs5,2025-10-13T11:21:08.328262
3828,1912,1916,,3231,68,170,417,1437,1427,10,601800,2821,190361,91949,124,2329,2329,2187,142,859,774,70,2148,100,1668,Census Tract 125.03; Westchester County; New York,36,119,012503,2022,acs/acs5,2025-10-13T11:21:08.328280
4597,2144,2453,,3961,22,150,613,1775,1568,207,868300,3501,208071,92922,549,2272,2272,2243,29,1221,924,153,2212,348,1730,Census Tract 126; Westchester County; New York,36,119,012600,2022,acs/acs5,2025-10-13T11:21:08.328297
4695,2257,2438,,3949,105,75,682,1861,1604,257,1077900,2365,250001,118904,222,2203,2203,2138,65,1220,930,74,2123,368,1574,Census Tract 127; Westchester County; New York,36,119,012700,2022,acs/acs5,2025-10-13T11:21:08.328315
2813,1337,1476,,2193,131,148,348,1108,1044,64,701900,1797,176912,78848,224,1668,1668,1530,138,669,608,49,1514,159,1218,Census Tract 128.03; Westchester County; New York,36,119,012803,2022,acs/acs5,2025-10-13T11:21:08.328336
4037,1842,2195,,2156,105,657,1502,1538,1402,136,666400,1865,93939,74607,482,1831,1831,1749,82,587,320,16,1700,116,1366,Census Tract 128.04; Westchester County; New York,36,119,012804,2022,acs/acs5,2025-10-13T11:21:08.328355
4514,2461,2053,,2679,396,118,1804,1943,1854,89,195600,1776,88258,40460,421,2655,2655,2496,159,979,487,68,2460,149,2232,Census Tract 129; Westchester County; New York,36,119,012900,2022,acs/acs5,2025-10-13T11:21:08.328373
6321,3223,3098,,4602,253,169,1931,2552,2348,204,603400,1687,107055,54195,305,3087,3087,2965,122,996,984,141,2965,317,2363,Census Tract 130; Westchester County; New York,36,119,013000,2022,acs/acs5,2025-10-13T11:21:08.328388
6687,3431,3256,,5378,184,612,438,2482,2351,131,883100,2442,237358,121868,254,3234,3234,3057,177,1246,1448,258,3013,644,2115,Census Tract 131.02; Westchester County; New York,36,119,013102,2022,acs/acs5,2025-10-13T11:21:08.328405
5805,2502,3303,,4588,109,751,422,1884,1785,99,919500,3288,227713,90380,68,3197,3197,3177,20,1263,897,160,3144,270,2609,Census Tract 131.03; Westchester County; New York,36,119,013103,2022,acs/acs5,2025-10-13T11:21:08.328423
5633,2804,2829,,4381,222,440,367,1876,1796,80,951100,,250001,119133,114,2834,2834,2741,93,1259,1119,247,2710,396,1763,Census Tract 131.04; Westchester County; New York,36,119,013104,2022,acs/acs5,2025-10-13T11:21:08.328441
3731,2049,1682,,2849,49,220,410,1418,1289,129,1028500,3501,250001,137435,301,1771,1771,1727,44,820,744,219,1651,487,1345,Census Tract 132.01; Westchester County; New York,36,119,013201,2022,acs/acs5,2025-10-13T11:21:08.328460
3096,1430,1666,,2458,65,294,243,1324,1249,75,664300,1701,159122,80691,160,1622,1622,1535,87,895,574,58,1535,241,1170,Census Tract 132.02; Westchester County; New York,36,119,013202,2022,acs/acs5,2025-10-13T11:21:08.328477
4012,2065,1947,,1407,666,135,2438,1638,1532,106,357200,2135,120362,54817,419,2432,2432,2259,173,546,302,15,2232,216,1825,Census Tract 133.01; Westchester County; New York,36,119,013301,2022,acs/acs5,2025-10-13T11:21:08.328493
5050,2835,2215,,1886,537,97,2773,1922,1853,69,404100,2099,81908,46032,337,2633,2619,2489,130,589,739,24,2503,235,2126,Census Tract 133.04; Westchester County; New York,36,119,013304,2022,acs/acs5,2025-10-13T11:21:08.328509
2960,1382,1578,,1648,475,252,743,1472,1394,78,200800,1660,81848,49489,380,1798,1798,1724,74,367,523,86,1724,133,1507,Census Tract 134.01; Westchester County; New York,36,119,013401,2022,acs/acs5,2025-10-13T11:21:08.328526
4337,2040,2297,,2669,97,347,1746,1694,1694,0,465600,2134,96984,58893,396,2512,2512,2443,69,645,479,68,2443,377,2083,Census Tract 134.02; Westchester County; New York,36,119,013402,2022,acs/acs5,2025-10-13T11:21:08.328543
4460,2217,2243,,2864,228,234,1407,1556,1479,77,456900,2076,133257,52509,75,2496,2496,2413,83,802,429,28,2287,277,2056,Census Tract 135; Westchester County; New York,36,119,013500,2022,acs/acs5,2025-10-13T11:21:08.328559
4786,2180,2606,,2450,592,248,1629,1962,1801,161,447000,1920,101467,49790,266,2579,2557,2455,102,758,745,71,2438,482,2261,Census Tract 136; Westchester County; New York,36,119,013600,2022,acs/acs5,2025-10-13T11:21:08.328577
5597,2702,2895,,4480,205,296,971,2131,2091,40,569900,3056,150907,78851,506,2801,2801,2603,198,1064,1098,130,2478,337,2058,Census Tract 137; Westchester County; New York,36,119,013700,2022,acs/acs5,2025-10-13T11:21:08.328595
3460,1594,1866,,3086,0,125,270,1277,1183,94,647000,2016,192305,77858,107,1983,1983,1846,137,690,593,89,1778,452,1331,Census Tract 138; Westchester County; New York,36,119,013800,2022,acs/acs5,2025-10-13T11:21:08.328613
4777,2374,2403,,3902,160,134,729,1854,1793,61,692600,2048,150739,76433,115,2548,2548,2337,211,1271,626,142,2250,290,1637,Census Tract 139; Westchester County; New York,36,119,013900,2022,acs/acs5,2025-10-13T11:21:08.328630
2272,1125,1147,,1569,129,109,416,841,787,54,461500,1577,133646,61404,84,1208,1208,1177,31,512,194,12,1146,90,1055,Census Tract 140; Westchester County; New York,36,119,014000,2022,acs/acs5,2025-10-13T11:21:08.328647
6535,3110,3425,,3446,881,69,2250,3274,2977,297,348300,1793,78179,41216,618,4160,4160,3698,462,1032,533,58,3682,397,3547,Census Tract 141; Westchester County; New York,36,119,014100,2022,acs/acs5,2025-10-13T11:21:08.328666
4110,2167,1943,,1893,594,70,2476,1645,1502,143,323500,1985,83333,45764,540,2647,2631,2462,169,421,266,20,2419,272,2064,Census Tract 142; Westchester County; New York,36,119,014200,2022,acs/acs5,2025-10-13T11:21:08.328683
3903,1941,1962,,716,1098,167,2122,1650,1574,76,370700,1545,75200,36824,452,1975,1975,1781,194,697,196,31,1708,54,1607,Census Tract 143; Westchester County; New York,36,119,014300,2022,acs/acs5,2025-10-13T11:21:08.328701
6510,3187,3323,,2331,1683,66,2579,2721,2563,158,344100,1799,105625,46721,540,3558,3463,3201,262,1027,718,46,3264,150,3206,Census Tract 144; Westchester County; New York,36,119,014400,2022,acs/acs5,2025-10-13T11:21:08.328718
4343,1775,2568,,2579,817,126,1051,2387,2268,119,418600,2214,102317,61820,271,2519,2519,2252,267,885,714,77,2112,339,1794,Census Tract 145; Westchester County; New York,36,119,014500,2022,acs/acs5,2025-10-13T11:21:08.328736
4515,2162,2353,,3244,220,23,986,1738,1574,164,406900,1499,102813,44259,410,2866,2866,2371,495,842,367,66,2336,293,2019,Census Tract 146.04; Westchester County; New York,36,119,014604,2022,acs/acs5,2025-10-13T11:21:08.328753
3111,1487,1624,,2204,393,98,692,1740,1540,200,349100,1663,77348,53425,430,1635,1635,1538,97,353,328,0,1491,212,1329,Census Tract 146.05; Westchester County; New York,36,119,014605,2022,acs/acs5,2025-10-13T11:21:08.328771
5644,2913,2731,,4764,117,288,448,2094,1827,267,713100,2750,210048,81518,142,2928,2928,2836,92,1260,1011,211,2825,538,2076,Census Tract 146.06; Westchester County; New York,36,119,014606,2022,acs/acs5,2025-10-13T11:21:08.328788
4665,2243,2422,,3237,562,352,376,1521,1448,73,515600,1445,163750,64721,35,2517,2517,2438,79,825,796,48,2389,257,2050,Census Tract 146.07; Westchester County; New York,36,119,014607,2022,acs/acs5,2025-10-13T11:21:08.328805
5058,2759,2299,,2964,433,209,1286,1716,1646,70,447600,2142,123000,54166,321,2846,2846,2314,532,644,451,28,2270,104,2031,Census Tract 147.01; Westchester County; New York,36,119,014701,2022,acs/acs5,2025-10-13T11:21:08.328823
5954,2794,3160,,3913,1137,19,1283,2159,1918,241,457500,1777,124794,43229,473,2976,2976,2810,166,859,630,40,2528,153,2204,Census Tract 147.03; Westchester County; New York,36,119,014703,2022,acs/acs5,2025-10-13T11:21:08.328840
2094,1051,1043,,1186,222,72,691,874,801,73,475300,1696,85060,48603,113,1144,1144,1094,50,297,263,12,1065,46,938,Census Tract 147.04; Westchester County; New York,36,119,014704,2022,acs/acs5,2025-10-13T11:21:08.328856
3873,1973,1900,,3164,209,275,384,1472,1399,73,635000,,203295,86733,79,2122,2122,1951,171,890,495,57,1828,251,1448,Census Tract 148.05; Westchester County; New York,36,119,014805,2022,acs/acs5,2025-10-13T11:21:08.328874
6469,3427,3042,,5030,542,211,872,2392,2230,162,573800,2104,151111,60783,435,3389,3389,2931,458,1575,1014,27,2884,204,2504,Census Tract 148.06; Westchester County; New York,36,119,014806,2022,acs/acs5,2025-10-13T11:21:08.328891
3506,1808,1698,,3010,96,172,315,1172,1057,115,634500,1856,200536,64913,86,1811,1811,1750,61,756,581,30,1735,126,1396,Census Tract 148.08; Westchester County; New York,36,119,014808,2022,acs/acs5,2025-10-13T11:21:08.328909
5834,2831,3003,,3998,573,212,896,2368,2258,110,604900,1203,120643,67552,409,3097,3097,2932,165,1335,696,140,2910,234,2449,Census Tract 148.09; Westchester County; New York,36,119,014809,2022,acs/acs5,2025-10-13T11:21:08.328927
1908,675,1233,,1788,47,34,199,1158,1149,9,363200,1963,69219,57697,123,771,771,679,92,396,150,26,679,7,572,Census Tract 148.10; Westchester County; New York,36,119,014810,2022,acs/acs5,2025-10-13T11:21:08.328944
5695,2779,2916,,4630,372,370,428,1866,1751,115,563200,,163036,62700,114,3110,3110,3009,101,1054,720,130,2953,182,2438,Census Tract 148.11; Westchester County; New York,36,119,014811,2022,acs/acs5,2025-10-13T11:21:08.328961
4747,2180,2567,,3768,121,468,815,1731,1672,59,461000,1597,129883,61900,156,2770,2770,2555,215,972,596,14,2555,130,2305,Census Tract 148.12; Westchester County; New York,36,119,014812,2022,acs/acs5,2025-10-13T11:21:08.328977
4193,2095,2098,,2947,286,295,866,1614,1599,15,487600,2631,153787,65433,194,2544,2544,2453,91,811,656,53,2383,326,2129,Census Tract 148.13; Westchester County; New York,36,119,014813,2022,acs/acs5,2025-10-13T11:21:08.328994
7017,3708,3309,,5046,143,625,1247,2238,2104,134,709600,2622,239028,85096,130,3499,3499,3393,106,1954,790,246,3365,305,2758,Census Tract 149.01; Westchester County; New York,36,119,014901,2022,acs/acs5,2025-10-13T11:21:08.329011
3801,1488,2313,,3544,55,103,79,2343,1998,345,462600,3348,97500,74905,175,1465,1465,1382,83,874,563,307,1382,244,1169,Census Tract 149.03; Westchester County; New York,36,119,014903,2022,acs/acs5,2025-10-13T11:21:08.329028
3987,1997,1990,,3203,46,154,790,1430,1375,55,484700,2546,170799,70116,39,2372,2372,2299,73,892,470,126,2272,255,1846,Census Tract 149.07; Westchester County; New York,36,119,014907,2022,acs/acs5,2025-10-13T11:21:08.329047
3883,1798,2085,,3431,167,19,320,1485,1455,30,711800,3252,158105,79203,166,2044,2044,1943,101,972,826,48,1925,80,1443,Census Tract 149.08; Westchester County; New York,36,119,014908,2022,acs/acs5,2025-10-13T11:21:08.329064
2645,1186,1459,,2445,29,58,197,1332,1227,105,507400,3131,116908,72196,122,1166,1166,1024,142,609,589,75,1024,85,893,Census Tract 149.09; Westchester County; New York,36,119,014909,2022,acs/acs5,2025-10-13T11:21:08.329082
5172,2641,2531,,4519,44,247,460,2016,1819,197,633800,2134,173682,74528,103,2694,2694,2532,162,1523,698,74,2439,270,1859,Census Tract 150; Westchester County; New York,36,119,015000,2022,acs/acs5,2025-10-13T11:21:08.329099
5049,2242,2807,,2541,1520,199,813,1871,1633,238,634400,2316,132156,60340,101,2285,2276,2132,144,1109,731,52,2138,371,1806,Census Tract 151; Westchester County; New York,36,119,015100,2022,acs/acs5,2025-10-13T11:21:08.329116
1784,1030,754,,505,574,131,401,465,395,70,,1229,2499,9137,692,168,168,111,57,251,12,0,111,4,80,Census Tract 9810; Westchester County; New York,36,119,981000,2022,acs/acs5,2025-10-13T11:21:08.329133
1471,1392,79,,248,786,26,449,0,0,0,,,,9518,0,0,0,0,0,45,0,0,0,0,0,Census Tract 9820; Westchester County; New York,36,119,982000,2022,acs/acs5,2025-10-13T11:21:08.329150
1037,160,877,,330,486,0,210,0,0,0,,,,5798,50,65,65,65,0,75,8,0,65,5,21,Census Tract 9830; Westchester County; New York,36,119,983000,2022,acs/acs5,2025-10-13T11:21:08.329167
572,349,223,,368,151,3,50,88,72,16,,1441,34545,22544,100,64,64,53,11,57,39,0,27,5,27,Census Tract 9840; Westchester County; New York,36,119,984000,2022,acs/acs5,2025-10-13T11:21:08.329186
2145,935,1210,,1257,396,52,424,0,0,0,,,,6396,0,1036,1036,902,134,22,0,0,819,38,616,Census Tract 9850; Westchester County; New York,36,119,985000,2022,acs/acs5,2025-10-13T11:21:08.329204
